Prob model number of drones,Actual number of drones
1105,439
1101,467
1086,448
1062,430
1014,388
1053,412
1048,410
1099,450
1019,405
1069,406
1085,471
1027,385
1042,416
1071,443
1074,443
1112,436
1061,433
1099,461
1038,374
1068,406
1080,439
1055,425
1093,431
1062,438
1050,434
1043,426
1049,402
1028,405
1065,448
1022,433
1064,406
987,405
1070,422
1013,417
1096,469
1091,412
1116,450
1064,434
1070,405
1084,464
1090,435
1062,393
1146,467
1128,540
1060,442
1063,414
1103,445
1004,397
1062,415
1048,418
